Datetime,Water Level (m)
2026-09-24 18:00:00,0.54185647
2026-09-24 19:00:00,-0.050553348
2026-09-24 20:00:00,-0.5808416
2026-09-24 21:00:00,-0.91156584
2026-09-24 22:00:00,-0.87278956
2026-09-24 23:00:00,-0.33807582
2026-09-25 00:00:00,0.34550068
2026-09-25 01:00:00,1.0283703
2026-09-25 02:00:00,1.5204867
2026-09-25 03:00:00,1.7436558
2026-09-25 04:00:00,1.6805273
2026-09-25 05:00:00,1.3265017
2026-09-25 06:00:00,0.7337124
2026-09-25 07:00:00,0.0374947
2026-09-25 08:00:00,-0.54497206
2026-09-25 09:00:00,-0.9336398
2026-09-25 10:00:00,-1.0298537
2026-09-25 11:00:00,-0.6016601
2026-09-25 12:00:00,0.075034566
2026-09-25 13:00:00,0.7776579
2026-09-25 14:00:00,1.3486995
2026-09-25 15:00:00,1.6890347
2026-09-25 16:00:00,1.7330502
2026-09-25 17:00:00,1.4662306
2026-09-25 18:00:00,0.9317552
2026-09-25 19:00:00,0.20837903
2026-09-25 20:00:00,-0.45111316
2026-09-25 21:00:00,-0.92740685
2026-09-25 22:00:00,-1.1308293
2026-09-25 23:00:00,-0.8019088
2026-09-26 00:00:00,-0.06716306
2026-09-26 01:00:00,0.66898006
2026-09-26 02:00:00,1.3189747
2026-09-26 03:00:00,1.7464586
2026-09-26 04:00:00,1.8496237
2026-09-26 05:00:00,1.6099126
2026-09-26 06:00:00,1.0920305
2026-09-26 07:00:00,0.38245386
2026-09-26 08:00:00,-0.32879815
2026-09-26 09:00:00,-0.9021297
2026-09-26 10:00:00,-1.2454407
2026-09-26 11:00:00,-1.175063
2026-09-26 12:00:00,-0.3687796
2026-09-26 13:00:00,0.4745471
2026-09-26 14:00:00,1.1884768
2026-09-26 15:00:00,1.688589
2026-09-26 16:00:00,1.8942982
2026-09-26 17:00:00,1.7485006
2026-09-26 18:00:00,1.2779441
2026-09-26 19:00:00,0.58969665
2026-09-26 20:00:00,-0.16615991
2026-09-26 21:00:00,-0.77613413
2026-09-26 22:00:00,-1.1710523
2026-09-26 23:00:00,-1.2381256
2026-09-27 00:00:00,-0.6052132
2026-09-27 01:00:00,0.23077606
2026-09-27 02:00:00,0.9873664
2026-09-27 03:00:00,1.5731902
2026-09-27 04:00:00,1.8668767
2026-09-27 05:00:00,1.8042048
2026-09-27 06:00:00,1.3673781
2026-09-27 07:00:00,0.70158136
2026-09-27 08:00:00,-0.090834275
2026-09-27 09:00:00,-0.74440104
2026-09-27 10:00:00,-1.2002116
2026-09-27 11:00:00,-1.3763026
2026-09-27 12:00:00,-0.89358366
2026-09-27 13:00:00,0.00375322
2026-09-27 14:00:00,0.81327784
2026-09-27 15:00:00,1.489344
2026-09-27 16:00:00,1.9215945
2026-09-27 17:00:00,2.005299
2026-09-27 18:00:00,1.6804446
2026-09-27 19:00:00,1.0538936
2026-09-27 20:00:00,0.24585812
2026-09-27 21:00:00,-0.47864315
2026-09-27 22:00:00,-1.0016963
2026-09-27 23:00:00,-1.2948105
2026-09-28 00:00:00,-1.1074959
2026-09-28 01:00:00,-0.23143609
2026-09-28 02:00:00,0.58841515
2026-09-28 03:00:00,1.2660725
2026-09-28 04:00:00,1.7182602
2026-09-28 05:00:00,1.8592577
2026-09-28 06:00:00,1.6260239
2026-09-28 07:00:00,1.0660462
2026-09-28 08:00:00,0.30514854
2026-09-28 09:00:00,-0.44873932
2026-09-28 10:00:00,-1.0110065
2026-09-28 11:00:00,-1.3656801
2026-09-28 12:00:00,-1.3311145
2026-09-28 13:00:00,-0.51286685
2026-09-28 14:00:00,0.38307554
2026-09-28 15:00:00,1.1529783
2026-09-28 16:00:00,1.721726
2026-09-28 17:00:00,2.0130646
2026-09-28 18:00:00,1.9218922
2026-09-28 19:00:00,1.4401009
2026-09-28 20:00:00,0.7347376
2026-09-28 21:00:00,-0.059989765
2026-09-28 22:00:00,-0.6991934
2026-09-28 23:00:00,-1.1404697
2026-09-29 00:00:00,-1.3089428
2026-09-29 01:00:00,-0.80550224
2026-09-29 02:00:00,0.06745027
2026-09-29 03:00:00,0.8123254
2026-09-29 04:00:00,1.3744845
2026-09-29 05:00:00,1.7121338
2026-09-29 06:00:00,1.7232246
2026-09-29 07:00:00,1.3438722
2026-09-29 08:00:00,0.69968987
2026-09-29 09:00:00,-0.07723649
2026-09-29 10:00:00,-0.72525465
2026-09-29 11:00:00,-1.1848912
2026-09-29 12:00:00,-1.3949909
2026-09-29 13:00:00,-1.0170043
2026-09-29 14:00:00,-0.13674349
2026-09-29 15:00:00,0.66383827
2026-09-29 16:00:00,1.340991
2026-09-29 17:00:00,1.8211174
2026-09-29 18:00:00,1.9874437
2026-09-29 19:00:00,1.7496699
2026-09-29 20:00:00,1.1691831
2026-09-29 21:00:00,0.42549455
2026-09-29 22:00:00,-0.2727884
2026-09-29 23:00:00,-0.815538
2026-09-30 00:00:00,-1.1582239
2026-09-30 01:00:00,-1.1467234
2026-09-30 02:00:00,-0.4487775
2026-09-30 03:00:00,0.31332535
2026-09-30 04:00:00,0.92899525
2026-09-30 05:00:00,1.3740482
2026-09-30 06:00:00,1.6004815
2026-09-30 07:00:00,1.507825
2026-09-30 08:00:00,1.0564703
2026-09-30 09:00:00,0.39672825
2026-09-30 10:00:00,-0.3127726
2026-09-30 11:00:00,-0.85578245
2026-09-30 12:00:00,-1.2097778
2026-09-30 13:00:00,-1.24398
2026-09-30 14:00:00,-0.64273095
2026-09-30 15:00:00,0.15106155
2026-09-30 16:00:00,0.8606639
2026-09-30 17:00:00,1.4272238
2026-09-30 18:00:00,1.7873875
